7.63E+17,rt celaka kendara jl solo km yogyakarta lalin padat via,terkait
7.63E+17,bnyk rawan celaka yg srg jadi teluk gongkapuk kamal raya yg akibat angkotkonteniertruk besar,terkait
7.63E+17,korban tipu gak sakit korban celaka biasa,terkait
7.63E+17,celaka truk jungkal camat kalas yogyakarta,terkait
7.63E+17,rt celaka kendara jl solo km yogyakarta lalin padat via,terkait
7.63E+17,rumah sakit tolak korban celaka dpr rs jangan pikir materi melulu pojoksatu,tidakterkait
7.63E+17,antuk akibat kurang tidur jadi salah satu celaka lalu lintas fatal alkohol,tidakterkait
7.63E+17,Kecelakaan diri Kesehatan Personal Accident and Health wealthywithasimas,tidakterkait
7.63E+17, Kecelakaan kendaraan di Jl Solo KM  Yogyakarta lalin padat via ,terkait
7.63E+17,Manfaat Memiliki Asuransi Kecelakaan ,tidakterkait
7.63E+17,　Kecelakaan Kecelakaan Pesawat Yang Terjadi di Dunia terratopi ,tidakterkait
7.63E+17,Kecelakaan Bus Terjadi di Tol Jagorawi Arah ke Jakarta ,terkait
7.63E+17,Kecelakaan Bus Terjadi di Tol Jagorawi Arah ke Jakarta ,terkait
7.63E+17,Kecelakaan Bus Terjadi di Tol Jagorawi Arah ke Jakarta ,terkait
7.63E+17,Kecelakaan Bus Terjadi di Tol Jagorawi Arah ke Jakarta ,terkait
7.63E+17,RT VenzTime Terlibat Kecelakaan Fatal  Juta Inflator Airbag ARC Automotive Diperiksa Inflator airbag yang be ,tidakterkait
7.63E+17,blm masuk juga kecelakaan dimana sih,tidakterkait
7.63E+17,RT Semoga pertemuan datang menumpang kereta tercepat Sementara perpisahan mengalami kecelakaan dalam ketergesaannya ingi,tidakterkait
7.63E+17,Kecelakaan diri Kesehatan Personal Accident and Health wealthywithasimas,tidakterkait
7.63E+17,RT Semoga pertemuan datang menumpang kereta tercepat Sementara perpisahan mengalami kecelakaan dalam ketergesaannya ingi,tidakterkait
7.63E+17,RT Orang yang mengemudi sambil mengetik SMS memiliki risiko  kali lebih besar mengalami kecelakaan,tidakterkait
7.63E+17,kecelakaan terjadi menyebabkan pungkas sempat tidak sadarkan diri selama  jam,tidakterkait
7.63E+17, Tidak mampu Pemerintah Perbaiki jalan RUSAK lintasan KA RawajativolvoBINSering kecelakaan ,tidakterkait
7.63E+17,RT RadioElshinta  RT mahendraangga Kecelakaan Innova di dekat Halte Busway Bermis https,terkait
7.63E+17,RT Kecelakaan Bus Pati  Purwodadi Delapan Luka Berat ,terkait
7.63E+17,KECELAKAAN YANG MELIBATKAN ANAK DIBAWAH UMUR,tidakterkait
777,Dua Remaja Korban Kecelakaan di Kalitidu Akhirnya Meninggal Dunia ,terkait
7.63E+17,RT iya kemarin itu kakak saya dari teminal ke RSU mereka org lumajang jenhuk anaknya kecelakaan naik AG,terkait
7.63E+17,Quiks Reponse Jasa Raharja Sebagai Bentuk Pelayanan Terbaik Kepada Masyarakat ,tidakterkait
7.63E+17, iya kemarin itu kakak saya dari teminal ke RSU mereka org lumajang jenhuk anaknya kecelakaan naik AG sopirnya msh muda,terkait
7.63E+17,Truk Tanah Sudah Hantam Pos Polisi DPRD Batam Minta Aparat Tertipkan Operasi Truk di Jalan Raya Kecelakaan ,terkait
7.63E+17,Truk Tanah Sudah Hantam Pos Polisi DPRD Batam Minta Aparat Tertipkan Operasi Truk di Jalan Raya Kecelakaan ,terkait
7.63E+17,Truk Tanah Sudah Hantam Pos Polisi DPRD Batam Minta Aparat Tertipkan Operasi Truk di Jalan Raya Kecelakaan ,terkait
7.63E+17,Nyatane aku yo aman waeRT Orang yang mengemudi sambil mengetik SMS memiliki risiko  kali lebih besar mengalami kecelakaan,tidakterkait
7.63E+17, Kecelakaan Bus Terjadi di Tol Jagorawi Arah ke Jakarta Kecelakaan terjadi di ,terkait
7.63E+17,Kecelakaan Bus Terjadi di Tol Jagorawi Arah ke Jakarta Kecelakaan terjadi Ads ,terkait
7.63E+17,Surya News Terlibat Kecelakaan Fatal  Juta Inflator Airbag ARC Automotive Diperiksa Inflator airbag yang ,tidakterkait
7.63E+17,VenzTime Terlibat Kecelakaan Fatal  Juta Inflator Airbag ARC Automotive Diperiksa Inflator airbag yang be ,tidakterkait
7.63E+17,Terlibat Kecelakaan Fatal  Juta Inflator Airbag ARC Automotive Diperiksa,tidakterkait
7.63E+17,muah ,tidakterkait
7.63E+17,Kecelakaan Bus Terjadi di Tol Jagorawi Arah ke Jakarta ,terkait
7.63E+17,Orang yang mengemudi sambil mengetik SMS memiliki risiko  kali lebih besar mengalami kecelakaan,tidakterkait
7.63E+17,Kecelakaan Bus Terjadi di Tol Jagorawi Arah ke Jakarta Kecelakaan terjadi di Tol Jagorawi pagi ini Sebuah b ,terkait
7.63E+17,Manfaat Memiliki Asuransi Kecelakaan ,tidakterkait
7.63E+17,Kecelakaan Bus Terjadi di Tol Jagorawi Arah ke Jakarta ,terkait
7.63E+17,Kecelakaan Bus Terjadi di Tol Jagorawi Arah ke Jakarta ,terkait
7.63E+17,Kecelakaan Bus Terjadi di Tol Jagorawi Arah ke Jakarta Kecelakaan terjadi di Tol Jagorawi pagi ini Sebuah b ,terkait
7.63E+17,Kecelakaan Bus Terjadi di Tol Jagorawi Arah ke Jakarta Kecelakaan terjadi di Tol Jagorawi pagi ini Sebuah b ,terkait
7.63E+17,RT Detik Kecelakaan Bus Terjadi di Tol Jagorawi Arah ke Jakarta berita,terkait
7.63E+17,Kecelakaan Bus Terjadi di Tol Jagorawi Arah ke Jakarta ,terkait
7.63E+17,Kecelakaan Bus Terjadi di Tol Jagorawi Arah ke Jakarta ,terkait
7.63E+17, Kecelakaan Bus Terjadi di Tol Jagorawi Arah ke Jakarta ,terkait
7.63E+17,Kecelakaan Bus Terjadi di Tol Jagorawi Arah ke Jakarta Kecelakaan terjadi di Tol Jagorawi pagi ini Sebuah b ,terkait
7.63E+17,ish ,tidakterkait
7.63E+17,Kecelakaan Bus Terjadi di Tol Jagorawi Arah ke Jakarta Kecelakaan terjadi di Tol Jagorawi pagi ini Sebuah b ,terkait
7.63E+17,Kecelakaan Bus Terjadi di Tol Jagorawi Arah ke Jakarta Kecelakaan terjadi di Tol Jagorawi pagi ini Sebuah b ,terkait
7.63E+17,Kecelakaan Bus Terjadi di Tol Jagorawi Arah ke Jakarta ,terkait
7.63E+17,DPR Geram Ada RS Tolak Korban Kecelakaan ,tidakterkait
7.63E+17,DPR Geram Ada RS Tolak Korban Kecelakaan ,tidakterkait
7.63E+17,Orang yang mengemudi sambil mengetik SMS memiliki risiko  kali lebih besar mengalami kecelakaan,tidakterkait
7.63E+17,Kecelakaan Bus Terjadi di Tol Jagorawi Arah ke Jakarta via detik,terkait
7.63E+17,RT Menemukanmengalami kecelakaan tawuran info lalu lintas atau kejahatan di jalan Hub  https,tidakterkait
7.63E+17,RadioKARIMATA Foto kiriman Arifin  Korban kecelakaan di Ambat Tlanakan atas nama Mohammad ,terkait
7.63E+17,Kecelakaan Bus Terjadi di Tol Jagorawi Arah ke Jakarta Kecelakaan terjadi di Tol Jagorawi pagi ini Sebuah b ,terkait
7.63E+17,RT Menemukanmengalami kecelakaan tawuran info lalu lintas atau kejahatan di jalan Hub  https,tidakterkait
7.63E+17,Kecelakaan Bus Terjadi di Tol Jagorawi Arah ke Jakarta Kecelakaan terjadi di Tol Jagorawi pagi ini Sebuah b ,terkait
7.63E+17,Kecelakaan Bus Terjadi di Tol Jagorawi Arah ke Jakarta Kecelakaan terjadi di Tol Jagorawi pagi ini Sebuah b ,terkait
7.63E+17,Detik Kecelakaan Bus Terjadi di Tol Jagorawi Arah ke Jakarta berita,terkait
7.63E+17,Sabuk pengaman dapat mencegah pengemudi membentur kaca depan pada saat terjadi kecelakaan StaySafe,tidakterkait
7.63E+17,Sabuk pengaman sangat banyak manfaatnya dan kegunaannya seperti mengurangi risiko kecelakaan StaySafe,tidakterkait
7.63E+17,Kecelakaan Bus Terjadi di Tol Jagorawi Arah ke Jakarta Kecelakaan terjadi di Tol Jagorawi pagi ini Sebuah b ,terkait
7.63E+17,Kecelakaan Bus Terjadi di Tol Jagorawi Arah ke Jakarta Kecelakaan terjadi di Tol Jagorawi pagi ini Sebuah b ,terkait
7.63E+17,Kecelakaan Bus Terjadi di Tol Jagorawi Arah ke Jakarta Kecelakaan terjadi di Tol Jagorawi pagi ini Sebuah b ,terkait
7.63E+17,Kecelakaan Bus Terjadi di Tol Jagorawi Arah ke Jakarta Kecelakaan terjadi di Tol Jagorawi pagi ini Sebuah b ,terkait
7.63E+17,Kecelakaan Bus Terjadi di Tol Jagorawi Arah ke Jakarta Kecelakaan terjadi di Tol Jagorawi pagi ini Sebuah b ,terkait
7.63E+17,Kecelakaan Bus Terjadi di Tol Jagorawi Arah ke Jakarta Kecelakaan terjadi di Tol Jagorawi pagi ini Sebuah b ,terkait
7.63E+17,Kecelakaan Bus Terjadi di Tol Jagorawi Arah ke Jakarta Kecelakaan terjadi di Tol Jagorawi pagi ini Sebuah b ,terkait
7.63E+17,RT  Kecelakaan mobil Honda Freed terjun ke Kali di Mega Mall Pluit Jakut pasca tabrakan dgn Honda CRV ,terkait
7.63E+17,Kecelakaan Bus Terjadi di Tol Jagorawi Arah ke Jakarta Kecelakaan terjadi di Tol Jagorawi pagi ini Sebuah b ,terkait
7.63E+17,Kecelakaan Bus Terjadi di Tol Jagorawi Arah ke Jakarta Kecelakaan terjadi di Tol Jagorawi pagi ini Sebuah b ,terkait
7.63782E+17,Kecelakaan Kereta Api Kepala Ombudsman Jateng Disaksikan AnakAnak Kecelakaan ma ,terkait
7.63782E+17,RT KECELAKAAN DEMAK Ketua Ombudsman Jateng Tewas Setelah Ungkap Siswa Siluman ,terkait
7.63782E+17,Kecelakaan Kereta Api Kepala Ombudsman Jateng Disaksikan AnakAnak ,terkait
7.63782E+17,RT Jangan mengemudikan kendaraan dalam kondisi mabuk atau terpengaruh minuman kerasNarkoba karena rawan kecelakaan https,tidakterkait
7.63782E+17,Kecelakaan Kereta Api Kepala Ombudsman Jateng Disaksikan AnakAnak ,terkait
7.63782E+17,RT Jangan mengemudikan kendaraan dalam kondisi mabuk atau terpengaruh minuman kerasNarkoba karena rawan kecelakaan https,tidakterkait
7.63782E+17,Bus Kecelakaan di Tol Bekasi Barat Seperti Ini Kondisi Pemain Persib Bandung ,terkait
7.63782E+17,Insiden ini menambah angka kecelakaan industri yang terjadi setiap tahun di China Hal ini menimbulkan pertan ,tidakterkait
7.63782E+17,Heartchz Insiden ini menambah angka kecelakaan industri yang terjadi setiap tahun di China Hal ini meni FB,tidakterkait
7.63782E+17,Pembangkit Listrik di China Meledak  Pekerja Tewas Insiden ini menambah angka kecelakaan industri yang te ,tidakterkait
7.63781E+17,Matthree Insiden ini menambah angka kecelakaan industri yang terjadi setiap tahun di China Hal ini meni FB,tidakterkait
7.63781E+17,KECELAKAAN DEMAK Ketua Ombudsman Jateng Tewas Setelah Ungkap Siswa Siluman ,terkait
7.63781E+17,KECELAKAAN DEMAK Ketua Ombudsman Jateng Tewas Setelah Ungkap Siswa Siluman ,terkait
7.63781E+17,KECELAKAAN DEMAK Ketua Ombudsman Jateng Tewas Setelah Ungkap Siswa Siluman ,terkait
7.63781E+17,RT Jangan mengemudikan kendaraan dalam kondisi mabuk atau terpengaruh minuman kerasNarkoba karena rawan kecelakaan https,tidakterkait
7.63781E+17, kecelakaan dmn Turut berduka cita ya mi yg sabar ya,terkait
7.63781E+17,Pemakaian handphone saat mengemudi adalah penyebab sekitar  persen kecelakaan lalu lintas HopkinsMed,tidakterkait
7.63781E+17,Bus Rombongan Pemain Persib Kecelakaan ,terkait
7.63781E+17,RT Jangan mengemudikan kendaraan dalam kondisi mabuk atau terpengaruh minuman kerasNarkoba karena rawan kecelakaan https,tidakterkait
7.63781E+17,Jangan mengemudikan kendaraan dalam kondisi mabuk atau terpengaruh minuman kerasNarkoba karena rawan kecelakaan ,tidakterkait
7.63781E+17,Kecelakaan diri Kesehatan Personal Accident and Health wealthywithasimas,tidakterkait
7.6378E+17, iya dia mi kecelakaan miii,tidakterkait
7.6378E+17,Cegah Kecelakaan Anakanak Lewat Pendidikan ,tidakterkait
7.6378E+17,Pemakaian handphone saat mengemudi adalah penyebab sekitar  persen kecelakaan lalu lintas HopkinsMed,tidakterkait
7.6378E+17,korban penipuan mah ga sakit korban kecelakaan juga biasa tpi kalo jdi korban perasaan kmu itu rasanya sakit bgt ,tidakterkait
7.6378E+17, kategori asuransi sinar mas,tidakterkait
7.63779E+17,RT Hati nyuci mobil dengan sistem hidrolik Dalam  hari terjadi  kecelakaan mobil jatuh di lokasi berbeda ,tidakterkait
7.63778E+17,Truk vs Avanza Seorang Anggota TNI AU Tewas Kecelakaan maut antara truk vs Avanza membuat seorang anggota T ,terkait
7.63778E+17,Jatuhcinta itu kecelakaan Tp untuk tetap hidup brsama dlm cinta adalah kputusan yg logis MarioTeguh,tidakterkait
7.63777E+17,tiga kategori tersebut adalahkecelakaan diri  kesehatan  Personal Accident and Health wealthywithasimas,tidakterkait
7.63777E+17,RT Hati nyuci mobil dengan sistem hidrolik Dalam  hari terjadi  kecelakaan mobil jatuh di lokasi berbeda ,tidakterkait
7.63777E+17,Truk vs Avanza Seorang Anggota TNI AU Tewas Kecelakaan maut antara truk vs Avanza membuat seorang anggota T ,terkait
7.63777E+17,Bus Kecelakaan di Tol Bekasi Barat Seperti Ini Kondisi Pemain Persib Bandung via ,terkait
7.63777E+17, iyangasihnya puluhan lembar amp baru kemarinnya Ibu jilbabanudah tua Pas gue kelas itu org kecelakaan parah Masuk jd baek,tidakterkait
7.63777E+17,Kirain Gara Di Usir  Rem Blong Bus Skuat Persib Alami Kecelakaan di Bekasi Barat via ,terkait
7.63777E+17,Kecelakaan diri Kesehatan Personal Accident and Health wealthywithasimas,tidakterkait
7.63776E+17,RT Kecelakaan Beruntun di Arteri  Orang Tewas Dihantam Truk via ,terkait
7.63776E+17,RT INI KESAKSIAN KIM SAAT TERJADI KECELAKAAN BUS PERSIB BOBOTOH PERSIB lewat ,terkait
7.63776E+17,Truk vs Avanza Seorang Anggota TNI AU Tewas Kecelakaan maut antara truk vs Avanza membuat seorang anggota T ,terkait
7.63776E+17,Truk vs Avanza Seorang Anggota TNI AU Tewas Kecelakaan maut antara truk vs Avanza membuat seorang anggota T ,terkait
7.63776E+17,KECELAKAAN LALU LINTAS Jumlah Kasus Naik  Dibanding Tahun  ,tidakterkait
7.63776E+17,Truk vs Avanza Seorang Anggota TNI AU Tewas Kecelakaan maut antara truk vs Avanza membuat seorang anggota T ,terkait
7.63776E+17,Truk vs Avanza Seorang Anggota TNI AU Tewas Kecelakaan maut antara truk vs Avanza membuat seorang anggota T ,terkait
7.63776E+17,Truk vs Avanza Seorang Anggota TNI AU Tewas Kecelakaan maut antara truk vs Avanza membuat seorang anggota T ,terkait
7.63776E+17,Kecelakaan maut antara truk vs Avanza membuat seorang anggota TNI AU tewas ,terkait
7.63776E+17,Truk vs Avanza Seorang Anggota TNI AU Tewas Kecelakaan maut antara truk vs Avanza membuat seorang anggota T ,terkait
7.63776E+17,Okezone Truk vs Avanza Seorang Anggota TNI AU Tewas Kecelakaan maut antara truk vs Avanza membuat seorang ,terkait
7.63775E+17,Truk vs Avanza Seorang Anggota TNI AU Tewas Kecelakaan maut antara truk vs Avanza membuat seorang anggota T ,terkait
7.63775E+17,Truk vs Avanza Seorang Anggota TNI AU Tewas Kecelakaan maut antara truk vs Avanza membuat seorang anggota TNI AU tewas,terkait
7.63775E+17,Benahi Perlintasan Sebidang Rawan Kecelakaan ,tidakterkait
7.63775E+17,Truk vs Avanza Seorang Anggota TNI AU Tewas Kecelakaan maut antara truk vs Avanza membuat seorang anggota T ,terkait
7.63775E+17,Kompas News Truk vs Avanza Seorang Anggota TNI AU Tewas Kecelakaan maut antara truk vs Avanza membuat seo ,terkait
7.63775E+17,Kompas News Truk vs Avanza Seorang Anggota TNI AU Tewas Kecelakaan maut antara truk vs Avanza membuat seo ,terkait
7.63775E+17,Truk vs Avanza Seorang Anggota TNI AU Tewas Kecelakaan maut antara truk vs Avanza membuat seorang anggota T ,terkait
7.63775E+17,Truk vs Avanza Seorang Anggota TNI AU Tewas Kecelakaan maut antara truk vs Avanza membuat seorang anggota T ,terkait
7.63775E+17,KECELAKAAN DEMAK Begini Kronologi Meninggalnya Kepala Perwakilan Ombudsman Jateng InfoSmg,terkait
7.63775E+17,Truk vs Avanza Seorang Anggota TNI AU Tewas Kecelakaan maut antara truk vs Avanza membuat seorang anggota T ,terkait
7.63775E+17,Truk vs Avanza Seorang Anggota TNI AU Tewas Kecelakaan maut antara truk vs Avanza membuat seorang anggota T ,terkait
7.63775E+17,Berita Truk vs Avanza Seorang Anggota TNI AU Tewas Kecelakaan maut antara truk vs Avanza membuat seorang a ,terkait
7.63775E+17,Truk vs Avanza Seorang Anggota TNI AU Tewas Kecelakaan maut antara truk vs Avanza membuat seorang anggota T ,terkait
7.63775E+17,Truk vs Avanza Seorang Anggota TNI AU Tewas Kecelakaan maut antara truk vs Avanza membuat seorang anggota T ,terkait
7.63775E+17,Bus Bawa Pemain Persib Bandung Kecelakaan di Tol JKTCikampek ,terkait
7.63775E+17,Truk vs Avanza Seorang Anggota TNI AU Tewas Kecelakaan maut antara truk vs Avanza membuat seorang anggota T ,terkait
7.63775E+17,Truk vs Avanza Seorang Anggota TNI AU Tewas Kecelakaan maut antara truk vs Avanza membuat seorang anggota T ,terkait
7.63775E+17,okezone Truk vs Avanza Seorang Anggota TNI AU Tewas Kecelakaan maut antara truk vs Avanza membuat seorang ,terkait
7.63775E+17,Truk vs Avanza Seorang Anggota TNI AU Tewas Kecelakaan maut antara truk vs Avan ,terkait
7.63774E+17,Selama ni duk pikir drama apa la W ni Tadi secara tak langsung tertonton sekali dgn MIL Kecelakaan minda kejap tengok drama tu ,tidakterkait
7.63773E+17,RT Hati nyuci mobil dengan sistem hidrolik Dalam  hari terjadi  kecelakaan mobil jatuh di lokasi berbeda ,tidakterkait
7.63772E+17,Wali Kota Pekalongan kecelakaan mobil Camry ringsek dihantam truk ,terkait
7.63771E+17,RT Rem Bermasalah Bis Persib Alami Kecelakaan UpdateTB,terkait
7.63771E+17,KECELAKAAN LALU LINTAS Jumlah Kasus Naik  Dibanding Tahun  ,tidakterkait
7.63771E+17,KECELAKAAN LALU LINTAS Jumlah Kasus Naik  Dibanding Tahun  ,tidakterkait
7.63771E+17,KECELAKAAN LALU LINTAS Jumlah Kasus Naik  Dibanding Tahun  ,tidakterkait
