7.65043E+17,Usai Kemasukan Empat Gol Petr Cech Kecelakaan Petr Cech mengalami hari yang sangat buruk usai melihat gawa ,tidakterkait
7.65043E+17,Usai Kemasukan Empat Gol Petr Cech Kecelakaan ,tidakterkait
7.65043E+17,Emang kecelakaan pakai visum  kapan mau mu  ,tidakterkait
7.65043E+17,  WIB Tol Japek Bekasi Timur Tambun KM  PADAT ada penanganan kecelakaan Truk di bahu jalan kiri ,terkait
7.65043E+17,      Kecelakaan yg membawa  kerap krn    RajaMotor,tidakterkait
7.65043E+17,Arsenal Kalah Petr CechÂ Kecelakaan ,tidakterkait
7.65042E+17, bola Usai Kemasukan Empat Gol Petr Cech Kecelakaan Petr Cech mengalami hari yang sangat buruk usai meliha ,tidakterkait
7.65042E+17,Petr Cech mengalami hari yang sangat buruk usai melihat gawangnya kemasukan empat kali ia menabrakkan mobil ,tidakterkait
7.65042E+17, bola Usai Kemasukan Empat Gol Petr Cech Kecelakaan Petr Cech mengalami hari yang sangat buruk usai meliha ,tidakterkait
7.65042E+17,Usai Kemasukan Empat Gol Petr Cech Kecelakaan Petr Cech mengalami hari yang sangat buruk usai melihat gawa ,tidakterkait
7.65042E+17,Usai Kemasukan Empat Gol Petr Cech Kecelakaan Petr Cech mengalami hari yang sangat buruk usai melihat gawa ,tidakterkait
7.65042E+17,Usai Kemasukan Empat Gol Petr Cech Kecelakaan Petr Cech mengalami hari yang sangat buruk usai melihat gawa ,tidakterkait
7.65042E+17,Usai Kemasukan Empat Gol Petr Cech Kecelakaan Petr Cech mengalami hari yang sangat buruk usai melihat gawa ,tidakterkait
7.65042E+17,Usai Kemasukan Empat Gol Petr Cech Kecelakaan RLNews,tidakterkait
7.65042E+17,Usai Kemasukan Empat Gol Petr Cech Kecelakaan Petr Cech mengalami hari yang sangat buruk usai melihat gawa ,tidakterkait
7.65042E+17,Usai Kemasukan Empat Gol Petr Cech Kecelakaan Petr Cech mengalami hari yang sangat buruk usai sepak bola,tidakterkait
7.65042E+17,Usai Kemasukan Empat Gol Petr Cech Kecelakaan Petr Cech mengalami hari yang sangat bur football sepakbola,tidakterkait
7.65042E+17,Apesnya Kiper Arsenal di Laga Perdana EPL Musim Ini Selain kebobolan empat gol Cech juga mengalami kecelakaan ,tidakterkait
7.65042E+17,Selain kebobolan empat gol Cech juga mengalami kecelakaan ,tidakterkait
7.65042E+17,Apesnya Kiper Arsenal di Laga Perdana EPL Musim Ini Selain kebobolan empat gol Cech juga mengalami kecelakaan ,tidakterkait
7.65042E+17,Usai Kemasukan Empat Gol Petr Cech Kecelakaan ,tidakterkait
7.65042E+17,  WIB Lalin Tol Japek Bekasi Timur Tambun KM  PADAT ada penanganan kecelakaan Truk di bahu jalan kiri ,terkait
7.65042E+17,Usai Kemasukan Empat Gol Petr Cech Kecelakaan ,tidakterkait
7.65042E+17,Usai Kemasukan Empat Gol Petr Cech Kecelakaan ,tidakterkait
7.65042E+17,Usai Kemasukan Empat Gol Petr Cech Kecelakaan ,tidakterkait
7.65042E+17,Usai Kemasukan Empat Gol Petr Cech Kecelakaan Petr Cech mengalami hari yang sangat buruk usai melihat gawa ,tidakterkait
7.65042E+17, GOAL Usai Kemasukan Empat Gol Petr Cech Kecelakaan GOAL ,tidakterkait
7.65042E+17,Usai Kemasukan Empat Gol Petr Cech Kecelakaan SegalaBola,tidakterkait
7.65042E+17,Selain kebobolan empat gol Cech juga mengalami kecelakaan ,tidakterkait
7.65041E+17,Ketua DPRD Pelalawan Ada Dalam Bus Calon Haji yang Kecelakaan ,terkait
7.65041E+17,Ketua DPRD Pelalawan Ada Dalam Bus Calon Haji yang Kecelakaan ,terkait
7.65041E+17,Ketua DPRD Pelalawan Ada Dalam Bus Calon Haji yang Kecelakaan ,terkait
7.65041E+17,Ketua DPRD Pelalawan Ada Dalam Bus Calon Haji yang Kecelakaan ,terkait
7.65041E+17,Ketua DPRD Pelalawan Ada Dalam Bus Calon Haji yang Kecelakaan ,terkait
7.65041E+17,Ketua DPRD Pelalawan Ada Dalam Bus Calon Haji yang Kecelakaan ,terkait
7.65041E+17,Ketua DPRD Pelalawan Ada Dalam Bus Calon Haji yang Kecelakaan ,terkait
7.65041E+17,Ketua DPRD Pelalawan Ada Dalam Bus Calon Haji yang Kecelakaan ,terkait
7.65041E+17,Ketua DPRD Pelalawan Ada Dalam Bus Calon Haji yang Kecelakaan ,terkait
7.65041E+17,  WIB Tol Japek Bekasi Timur Tambun KM  PADAT ada penanganan kecelakaan Truk di bahu jalan kiri ,terkait
7.65041E+17,  WIB Kecelakaan Japek di Tambun KM  arah Cikampek kr Truck Box menabrak Tiang Rambu Iklan di bahu jalan kiri dalam penanganan ,terkait
7.65041E+17,Pernah saking benci nya sama orang euG sampe bayangin dia mati kecelakaan mobil nya ringsek parah dan dia kejepit,tidakterkait
7.6504E+17,terjadi kecelakaan maut dijl raya Gubug Kedungjati kaliceret krban meninggal mahasiswi unnes ds wonorejo kedungjati,terkait
7.6504E+17, Daerah Bus Rombongan Jamaah Haji asal Pelalawan Alami Kecelakaan ,terkait
7.6504E+17,Ugal ugalan di Jalan Pengemudi Tewas setelah Tabrak Trotoar MEDAN  Minggu    terjadi kecelakaan ,terkait
7.6504E+17,Aksi spektakuler pembalap wanita Belanda naik ke pembatas lintasan menghindari kecelakaan beruntun di Olimpiade ,tidakterkait
7.65039E+17,KECELAKAAN TABRAKAN BERUNTUN AKIBAT MENEROBOS LAMPU MERAH Part   lewat ,terkait
7.65038E+17,Usai Kemasukan Empat Gol Petr Cech Kecelakaan Petr Cech mengalami hari yang sangat buruk usai selancarbola goal,tidakterkait
7.65038E+17,Usai Kemasukan Empat Gol Petr Cech Kecelakaan Petr Cech mengalami hari yang sangat buruk usai melihat gawa ,tidakterkait
7.65038E+17,Bus yang mengangkut anggota Pramuka mengalami kecelakaan di Trans Sulawesi iNews Pagi   via ,terkait
7.65038E+17, tentangEPL Usai Kemasukan Empat Gol Petr Cech Kecelakaan Arsenal,tidakterkait
7.65038E+17,Dua Kecelakaan Lantas di Jakarta Utara Terjadi Dini Hari JakUt Jakarta,terkait
7.65038E+17,LUCU Kecelakaan Yang Paling Ajaib Sepanjang Masa ,tidakterkait
7.65038E+17, Ketua DPRD Pelalawan Ada Dalam Bus Calon Haji yang Kecelakaan Iring iringan ,terkait
7.65037E+17,Kronologis Kecelakaan Bus JCH Pelalawan Menurut Saksi Mata ,terkait
7.65037E+17,Bus Rombongan JCH Pelalawan Kecelakaan Saat Menuju Pekanbaru ,terkait
7.65037E+17,LUCU Kecelakaan Yang Paling Ajaib Sepanjang Masa ,tidakterkait
7.65037E+17,Ketua DPRD Pelalawan Ada Dalam Bus Calon Haji yang Kecelakaan ,terkait
7.65037E+17,Apesnya Kiper Arsenal di Laga Perdana EPL Musim Ini Selain kebobolan empat gol Cech juga mengalami kecelakaan ,tidakterkait
7.65037E+17,KECELAKAAN TABRAKAN BERUNTUN AKIBAT MENEROBOS LAMPU MERAH Part   via ,terkait
7.65037E+17,KECELAKAAN TABRAKAN BERUNTUN AKIBAT MENEROBOS LAMPU MERAH Part   via ,terkait
7.65037E+17,KECELAKAAN TABRAKAN BERUNTUN AKIBAT MENEROBOS LAMPU MERAH Part   via ,terkait
7.65036E+17, Dokter Tewas Dalam Kecelakaan Pesawat Berita Trans lewat ,tidakterkait
7.65036E+17,Kecelakaan Tunggal Seorang Ibu Rumah Tangga Tewas di depan PT Djabesmen ,terkait
7.65036E+17,Kecelakaan BMW Warnai Kepadatan Lalu Lintas Jakarta Pagi Ini Kecelakaan tunggal mob BatikBontang,terkait
7.65036E+17,Kecelakaan BMW Warnai Kepadatan Lalu Lintas Jakarta Pagi Ini Kecelakaan tunggal mobil BMW di exit ,terkait
7.65036E+17,Kecelakaan tunggal mobil BMW di exit Tol Pajak Semanggi sebabkan lalu lintas tersendat ,terkait
7.65036E+17,Kecelakaan tunggal mobil BMW di exit Tol Pajak Semanggi sebabkan lalu lintas tersendat ,terkait
7.65036E+17,Kecelakaan tunggal mobil BMW di exit Tol Pajak Semanggi sebabkan lalu lintas tersendat ,terkait
7.65036E+17,Kecelakaan tunggal mobil BMW di exit Tol Pajak Semanggi sebabkan lalu lintas tersendat ,terkait
7.65036E+17,Kecelakaan tunggal mobil BMW di exit Tol Pajak Semanggi sebabkan lalu lintas tersendat ,terkait
7.65036E+17,Kecelakaan tunggal mobil BMW di exit Tol Pajak Semanggi sebabkan lalu lintas tersendat ,terkait
7.65036E+17,Ketua DPRD Pelalawan Ada Dalam Bus Calon Haji yang Kecelakaan ,terkait
7.65036E+17,Kecelakaan BMW Warnai Kepadatan Lalu Lintas Jakarta Pagi Ini ,terkait
